source1_entity_id	source2_entity_id
S1-299213466	S2-313878162
S1-690329089	S2-211906018
S1-46795483	S2-573464348
S1-100079377	S2-900191234
S1-100079377	S2-97636392
S1-251486302	S2-20526315
S1-206806424	S2-212589041
S1-935494014	S2-995569242
S1-128071629	S2-826076549
S1-728723012	S2-629823610
S1-347630756	S2-645973770
S1-347630756	S2-268085950
S1-755106209	S2-530950949
S1-651113008	S2-292127779
S1-388970184	S2-434965355
S1-322482626	S2-963393946
S1-785723181	S2-729509592
S1-255959388	S2-811142058
S1-971886001	S2-250216135
S1-292356507	S2-270395464
S1-950189940	S2-941258778
S1-147310634	S2-891865927
S1-618167706	S2-816830846
S1-548188406	S2-760631162
S1-422949079	S2-353785547
S1-873478998	S2-936541413
S1-102854527	S2-557086353
S1-500807391	S2-174937509
S1-385786516	S2-680738451
S1-773571289	S2-505080100
S1-588971826	S2-277423272
S1-806596945	S2-1060022
S1-706164499	S2-443562920
S1-819409069	S2-620030802
S1-550076541	S2-552291740
S1-548255862	S2-1613240
S1-854761174	S2-664964771
S1-842341783	S2-950508731
S1-631244902	S2-218337837
S1-713063568	S2-112597221
S1-950571631	S2-873339301
S1-818239687	S2-138085631
S1-599354346	S2-739265382
S1-601241147	S2-579382742
S1-621354793	S2-221931800
S1-753908329	S2-554379479
S1-220618598	S2-79090770
S1-220618598	S2-31034051
S1-451507685	S2-491970126
S1-451507685	S2-703961854
S1-646361345	S2-537123983
S1-99186296	S2-34045958
S1-9466611	S2-931891560
S1-887684227	S2-564410700
S1-180532712	S2-461123954
S1-180532712	S2-683644411
S1-180532712	S2-496406897
S1-392613519	S2-320182633
S1-112377656	S2-147717237
S1-112377656	S2-737978075
S1-90707950	S2-185602609
S1-602157202	S2-827453804
S1-761538505	S2-731698060
S1-620494135	S2-88725833
S1-680647955	S2-365644609
S1-680647955	S2-646077094
S1-119486272	S2-577463370
S1-756543052	S2-100273395
S1-388508340	S2-360891631
S1-950762869	S2-525317297
S1-44915782	S2-82284847
S1-506353556	S2-788840711
S1-506353556	S2-500380846
S1-935940802	S2-714401823
S1-937848619	S2-945149218
S1-257706976	S2-992537394
S1-480445125	S2-85889283
S1-480445125	S2-669554959
S1-930577613	S2-363237852
S1-963389509	S2-547471762
S1-626063433	S2-329351058
S1-612702455	S2-696285001
S1-182825150	S2-417669283
S1-973738638	S2-456436815
S1-844751404	S2-404199092
S1-844751404	S2-509797579
S1-361906899	S2-242458300
S1-77210087	S2-110314131
S1-256296030	S2-936453780
S1-421976829	S2-898847740
S1-986085028	S2-220312067
S1-154629620	S2-745952855
S1-437904017	S2-1857752
S1-357689162	S2-245971273
S1-473634699	S2-934049
S1-797512870	S2-161655467
S1-384212697	S2-35334813
S1-339131124	S2-109562321
S1-26325321	S2-452636562
S1-845796597	S2-932518476
S1-819721651	S2-673767172
S1-872505581	S2-599195475
S1-129720408	S2-35948139
S1-129720408	S2-877968628
S1-926647798	S2-213986430
S1-608243778	S2-269234309
S1-693308459	S2-85508859
S1-843416265	S2-933747006
S1-843416265	S2-832765032
S1-843416265	S2-782226927
S1-93342587	S2-634279230
S1-696642661	S2-20377610
S1-758491323	S2-717052266
S1-985162139	S2-644131139
S1-187972610	S2-617751549
S1-770968871	S2-914606039
S1-735325699	S2-793632001
S1-381252368	S2-420745505
S1-810464283	S2-304248663
S1-214742918	S2-214848065
S1-414749572	S2-944954761
S1-952589555	S2-154078762
S1-351577743	S2-489459552
S1-747803124	S2-620016670
S1-617456656	S2-716566685
S1-303974953	S2-857124040
S1-42363801	S2-732412233
S1-599489610	S2-759801612
S1-599226465	S2-551520638
S1-887430442	S2-976697263
S1-887430442	S2-983708106
S1-323983268	S2-548188767
S1-573186827	S2-132005915
S1-166063511	S2-117386176
S1-899266253	S2-775180085
S1-361300686	S2-273112128
S1-447734673	S2-759375304
S1-637245704	S2-612399729
S1-303555919	S2-904718605
S1-274656492	S2-671833172
S1-105188242	S2-711173594
S1-702447275	S2-387303695
S1-690069751	S2-442900207
S1-641328974	S2-601504645
S1-380761373	S2-342368890
S1-999839508	S2-175102044
S1-972273768	S2-122060592
S1-771995692	S2-98212025
S1-601203575	S2-908765230
S1-690396484	S2-747657382
S1-601226049	S2-75676225
S1-599560631	S2-829711000
S1-599560631	S2-484114155
S1-410540438	S2-557354456
S1-149434293	S2-835258379
S1-703176041	S2-424490123
S1-269701888	S2-635532568
S1-897403696	S2-965719850
S1-561909754	S2-427029699
S1-173871020	S2-723684997
S1-202695926	S2-275800366
S1-657064332	S2-117802955
S1-356097157	S2-908385598
S1-863589887	S2-710126340
S1-552493378	S2-560658106
S1-782657550	S2-350095881
S1-78329619	S2-506699426
S1-535210480	S2-124372231
S1-236399343	S2-858097425
S1-957656420	S2-592447304
S1-611522020	S2-23970819
S1-739761234	S2-777663818
S1-916762930	S2-302683355
S1-118422010	S2-875516671
S1-118422010	S2-669495781
S1-970695996	S2-584975688
S1-616761693	S2-866989913
S1-809829429	S2-267351601
S1-934246513	S2-971724589
S1-835062442	S2-566654759
S1-888397383	S2-174352022
S1-455642807	S2-470113957
S1-101708849	S2-247350665
S1-861331864	S2-725468780
S1-326467532	S2-782028868
S1-382315315	S2-752138569
S1-237951262	S2-136123321
S1-895182505	S2-859153255
S1-145897532	S2-639313215
S1-78483256	S2-454281289
S1-876118886	S2-315325089
S1-866257673	S2-959384034
S1-242363926	S2-342399833
S1-242363926	S2-999289927
S1-462157028	S2-459060726
S1-566541623	S2-833982946
S1-643855116	S2-503837689
S1-693706710	S2-725892295
S1-710618935	S2-237898196
S1-83104208	S2-555653728
S1-31744717	S2-597263246
S1-454428027	S2-422083737
S1-454428027	S2-552426154
S1-249678246	S2-849170728
S1-353935950	S2-649289921
S1-202693048	S2-711570643
S1-20827085	S2-689149170
S1-624384543	S2-783209449
S1-748938307	S2-110714555
S1-159394762	S2-353369003
S1-861194229	S2-517488248
S1-434505466	S2-378054793
S1-927704263	S2-90767874
S1-497584118	S2-884643569
S1-380367881	S2-723672004
S1-104077103	S2-57532741
S1-2167162	S2-783963892
S1-258033231	S2-489165784
S1-336789489	S2-912699195
S1-331497206	S2-368502618
S1-593309335	S2-904799226
S1-763877042	S2-376733403
S1-380856927	S2-762722749
S1-580779725	S2-612415559
S1-818579002	S2-202732854
S1-818579002	S2-984338844
S1-727628495	S2-159954112
S1-727628495	S2-520801858
S1-150472537	S2-921943336
S1-150472537	S2-7721957
S1-99130352	S2-694418563
S1-943686669	S2-996650864
S1-620785986	S2-275604202
S1-293638464	S2-992663802
S1-153928883	S2-865140773
S1-888953789	S2-747529785
S1-333569461	S2-974455403
S1-333569461	S2-260091525
S1-970133532	S2-637607784
S1-754533501	S2-377264364
S1-296762300	S2-830916521
S1-804955270	S2-218721637
S1-409565316	S2-748054539
S1-216248404	S2-431606410
S1-951216153	S2-234586590
S1-647989419	S2-727293854
S1-959886249	S2-311933301
S1-746419556	S2-80354991
S1-293921961	S2-13524824
S1-293921961	S2-845180826
S1-293921961	S2-402352306
S1-293921961	S2-923563790
S1-893081205	S2-837022400
S1-589417841	S2-416167311
S1-343455678	S2-143072792
S1-220226533	S2-914949357
S1-162630920	S2-555287913
S1-595470925	S2-661911976
S1-650231083	S2-575268254
S1-370123264	S2-311343998
S1-568268655	S2-178070925
S1-568268655	S2-534761389
S1-568268655	S2-543810131
S1-193346183	S2-412418312
S1-193346183	S2-413767328
S1-703277959	S2-813211471
S1-378065990	S2-320913194
S1-615407096	S2-449849763
S1-615407096	S2-433015587
S1-26030755	S2-899187242
S1-578522304	S2-952144688
S1-653445420	S2-253524498
S1-195268531	S2-11040372
S1-36268722	S2-751065353
S1-118525189	S2-291912532
S1-118525189	S2-393548207
S1-673449863	S2-904667833
S1-299803477	S2-350717219
S1-292266527	S2-488044593
S1-499173091	S2-229474989
S1-84750898	S2-782215986
S1-935495224	S2-982035613
S1-394660272	S2-888801981
S1-648987333	S2-199486152
S1-786084878	S2-555213729
S1-901788232	S2-569236983
S1-335733346	S2-711344966
S1-550576688	S2-410453126
S1-363538821	S2-280467668
S1-821993950	S2-259159314
S1-821993950	S2-484929360
S1-928681156	S2-219155617
S1-58605058	S2-474568215
S1-489098055	S2-859647001
S1-852895797	S2-604585423
S1-104135963	S2-761558878
S1-234874495	S2-539675367
S1-182172265	S2-251949465
S1-67975	S2-170796070
S1-836435969	S2-222516616
S1-607602964	S2-710542954
S1-747872753	S2-178743774
S1-636617547	S2-992683389
S1-218205251	S2-910878762
S1-152067698	S2-563047932
S1-427587217	S2-943205131
S1-289147025	S2-358279853
S1-55473385	S2-477246660
S1-916891338	S2-5050704
S1-826564848	S2-903218597
S1-511902078	S2-939759648
S1-996273329	S2-349325300
S1-996273329	S2-339104699
S1-619224612	S2-15857758
S1-7089836	S2-763758778
S1-528899943	S2-864386333
S1-528899943	S2-765805421
S1-910938004	S2-222124463
S1-666091354	S2-489035781
S1-552527968	S2-425023438
S1-552527968	S2-734895122
S1-314117385	S2-683348838
S1-841786542	S2-491156641
S1-649660653	S2-113379465
S1-211096687	S2-705693431
S1-426578924	S2-878988462
S1-143796864	S2-142190281
S1-517039874	S2-540152426
S1-314253253	S2-325279772
S1-330347736	S2-433351865
S1-441957710	S2-191343737
S1-428751421	S2-437631751
S1-428751421	S2-355753118
S1-509150584	S2-931190751
S1-314761186	S2-320471212
S1-807764559	S2-707304356
S1-807764559	S2-770518431
S1-96058680	S2-972282127
S1-450678737	S2-689904673
S1-275775384	S2-659216326
S1-37260485	S2-15388823
S1-697403219	S2-136700250
S1-476506949	S2-73597234
S1-270742097	S2-401505467
S1-327514537	S2-105848166
S1-94825725	S2-836804395
S1-94825725	S2-376128308
S1-34649272	S2-115551573
S1-942066749	S2-418760541
S1-942066749	S2-87360336
S1-48745451	S2-765428998
S1-703732266	S2-503272542
S1-525042414	S2-607349018
S1-363391853	S2-595173417
S1-127935965	S2-531226567
S1-434240060	S2-604754318
S1-700579262	S2-415935004
S1-700579262	S2-609853946
S1-45859508	S2-201596870
S1-396753330	S2-36941807
S1-161972408	S2-874469151
S1-602284355	S2-180958835
S1-602284355	S2-101042043
S1-274085682	S2-337946663
S1-377632980	S2-64628167
S1-867259305	S2-46026081
S1-882601076	S2-473724299
S1-2286601	S2-933363971
S1-160476547	S2-530929264
S1-270070380	S2-676139126
S1-396884597	S2-20079564
S1-160761481	S2-380528725
S1-494405987	S2-40631837
S1-801640806	S2-410357948
S1-801640806	S2-644005624
S1-912587709	S2-681837426
S1-795951186	S2-476836046
S1-108427354	S2-803482675
S1-36802832	S2-466642095
S1-172300611	S2-444788402
S1-730245397	S2-694546109
S1-302292010	S2-844632670
S1-446223794	S2-120228909
S1-388865464	S2-882424732
S1-16992687	S2-782607380
S1-16992687	S2-85590866
S1-464974088	S2-110700130
S1-464974088	S2-358105047
S1-678153859	S2-280426705
S1-222230733	S2-21352368
S1-457237304	S2-346237240
S1-84834723	S2-436390221
S1-494377319	S2-423199118
S1-610470812	S2-254434920
S1-715049118	S2-45815550
S1-516839006	S2-720973160
S1-153572559	S2-412300660
S1-377916325	S2-396413469
S1-454639585	S2-839243806
S1-96203719	S2-539995945
S1-629877047	S2-807140801
S1-472044493	S2-35049086
S1-148675547	S2-119158947
S1-235211997	S2-796257120
S1-191961799	S2-556941505
S1-378432262	S2-35858177
S1-7102837	S2-421836752
S1-220776561	S2-296553077
S1-188771630	S2-704730488
S1-146386139	S2-125647439
S1-214986776	S2-28147198
S1-944381944	S2-640401859
S1-323272727	S2-185572711
S1-820641111	S2-12640546
S1-175991831	S2-589717878
S1-720784848	S2-109785044
S1-482785732	S2-618123867
S1-453003774	S2-292704977
S1-948406118	S2-538598706
S1-524996033	S2-219901497
S1-507528138	S2-150062381
S1-426905402	S2-514646996
S1-539374956	S2-269318997
S1-848379062	S2-900850530
S1-214988230	S2-626769011
S1-66710782	S2-738170847
S1-567079723	S2-324482637
S1-782198214	S2-260832468
S1-371275122	S2-134458829
S1-532412767	S2-820360037
S1-279812909	S2-415639163
S1-115862517	S2-735405858
S1-666797508	S2-461747391
S1-333891043	S2-962455924
S1-287141443	S2-91040291
S1-287141443	S2-973539937
S1-287141443	S2-349106056
S1-463394809	S2-558898264
S1-846021202	S2-970437610
S1-387519977	S2-821454348
S1-217611265	S2-581418891
S1-217611265	S2-57884311
S1-513937466	S2-957713150
S1-365873072	S2-457106884
S1-539004310	S2-627998131
S1-871441152	S2-95212307
S1-548342416	S2-158448389
S1-548342416	S2-88134768
S1-958301783	S2-650612936
S1-263835338	S2-390356306
S1-714180151	S2-777473720
S1-479265881	S2-203275926
S1-745839307	S2-148602546
S1-725400558	S2-613629262
S1-725400558	S2-98111992
S1-492396674	S2-442724834
S1-745585346	S2-188410991
S1-415797049	S2-431244445
S1-804507495	S2-569223518
S1-484133280	S2-829102701
S1-955451241	S2-337664123
S1-869918716	S2-9543031
S1-681266000	S2-684388797
S1-957207516	S2-570512638
S1-507689266	S2-280112040
S1-423563212	S2-784734286
S1-423563212	S2-526456268
S1-643445658	S2-614976834
S1-851924306	S2-520430675
S1-211591556	S2-50175092
S1-979618928	S2-26044328
S1-823202566	S2-787246259
S1-745386731	S2-900116576
S1-575577075	S2-911289672
S1-29744004	S2-324531406
S1-783177007	S2-964950890
S1-975101795	S2-189032736
S1-975101795	S2-142675191
S1-899899962	S2-557465496
S1-655267185	S2-181521845
S1-605784917	S2-349492074
S1-605784917	S2-855325976
S1-605784917	S2-392196260
S1-16277328	S2-949677716
S1-747678832	S2-111833398
S1-54682243	S2-74945266
S1-926738812	S2-785012094
S1-101993739	S2-397558235
S1-571467031	S2-691787772
S1-489411170	S2-806741541
S1-197460830	S2-247042006
S1-185755232	S2-571840787
S1-341737868	S2-379781455
S1-770447641	S2-138889843
S1-565807522	S2-23986660
S1-86482252	S2-134279244
S1-680882411	S2-921193697
S1-826907416	S2-854308916
S1-826907416	S2-574109533
S1-527519157	S2-345416699
S1-882525659	S2-452449749
S1-479493400	S2-853025738
S1-321820310	S2-601870651
S1-19456381	S2-485196522
S1-840994883	S2-956041209
S1-225709627	S2-709496836
S1-258972459	S2-721012924
S1-717415327	S2-405130758
S1-615558445	S2-165594455
S1-682340565	S2-307244003
S1-927335779	S2-180577097
S1-747689605	S2-10737772
S1-964943183	S2-255854643
S1-481373292	S2-105129103
S1-481373292	S2-377899763
S1-824953747	S2-193021715
S1-200642399	S2-251738195
S1-422504392	S2-886946110
S1-123719431	S2-979211526
S1-574555795	S2-142230445
S1-206626620	S2-28639135
S1-517335787	S2-700250832
S1-517335787	S2-972036859
S1-959306036	S2-767447277
S1-769824570	S2-740816302
S1-769824570	S2-949836966
S1-164417618	S2-557287803
S1-993957295	S2-609957197
S1-993957295	S2-301650292
S1-878476990	S2-432260431
S1-63043337	S2-82523542
S1-63043337	S2-532645034
S1-398379060	S2-346780929
S1-459232280	S2-865465335
S1-254424163	S2-535839838
S1-34788351	S2-4145249
S1-34788351	S2-73145817
S1-640645397	S2-122395705
S1-275990138	S2-995101211
S1-584663288	S2-895085365
S1-584663288	S2-817462756
S1-335533963	S2-493330939
S1-335533963	S2-398660447
S1-474370556	S2-617016363
S1-115036512	S2-451904828
S1-461573240	S2-514246017
S1-683861274	S2-920258266
S1-81949954	S2-550650473
S1-775859484	S2-215908535
S1-801101718	S2-207020482
S1-801101718	S2-500544801
S1-801101718	S2-585512820
S1-658391325	S2-889573407
S1-658391325	S2-409762953
S1-964816965	S2-834834694
S1-606201143	S2-732689513
S1-717166616	S2-323170486
S1-717166616	S2-557827528
S1-506604178	S2-891748787
S1-276031278	S2-637459864
S1-679967523	S2-572593113
S1-452159747	S2-788832113
S1-843786503	S2-54313157
S1-989735789	S2-734920864
S1-680280161	S2-15852294
S1-791003178	S2-14267685
S1-206847123	S2-507201992
S1-506887784	S2-284455949
S1-725813536	S2-863032285
S1-884357675	S2-259705324
S1-633078412	S2-244542560
S1-713796788	S2-108075545
S1-468158692	S2-523865398
S1-319363739	S2-82687370
S1-219495713	S2-549816327
S1-39102851	S2-869475052
S1-535660089	S2-338413267
S1-263586678	S2-735252841
S1-163747629	S2-337166855
S1-163747629	S2-890447132
S1-432696698	S2-725838931
S1-459221699	S2-717761723
S1-18608154	S2-489551016
S1-105742435	S2-640251199
S1-233173553	S2-430570647
S1-780886428	S2-600925568
S1-741835468	S2-830955804
S1-954292530	S2-821169808
S1-115772120	S2-889328686
S1-297632456	S2-533498907
S1-646580804	S2-611680956
S1-693776805	S2-209093443
S1-142157623	S2-318542993
S1-632746994	S2-907861348
S1-160361130	S2-150709877
S1-659283518	S2-379928674
S1-505076726	S2-340814974
S1-13176411	S2-561872700
S1-560189983	S2-466281381
S1-183836776	S2-941957648
S1-482298129	S2-708308217
S1-3450662	S2-594651389
S1-291156909	S2-102892721
S1-746759170	S2-58870357
S1-133782612	S2-617370590
S1-147557360	S2-242090291
S1-77519707	S2-146875273
S1-77519707	S2-521777715
S1-987962894	S2-72530169
S1-364598694	S2-846849237
S1-884989078	S2-352550271
S1-990934367	S2-994986401
S1-340092395	S2-956703346
S1-340092395	S2-391221088
S1-998903278	S2-710827826
S1-467600309	S2-576593449
S1-820449414	S2-891086001
S1-214870056	S2-595232199
S1-422045328	S2-419714943
S1-207166103	S2-629135677
S1-165999016	S2-542039231
S1-853563506	S2-726190685
S1-685337304	S2-582676580
S1-685337304	S2-821472349
S1-685337304	S2-766506374
S1-950112797	S2-660088533
S1-721951042	S2-54958665
S1-14823286	S2-382522526
S1-14823286	S2-621478239
S1-525912803	S2-729622327
S1-309251679	S2-262900851
S1-382810312	S2-767498377
S1-137092361	S2-954605130
S1-137092361	S2-166475861
S1-546226952	S2-25139759
S1-101455301	S2-879015751
S1-714273609	S2-997984229
S1-474604746	S2-469126846
S1-837425271	S2-254902960
S1-837425271	S2-597658891
S1-3810084	S2-146391747
S1-726341420	S2-893970386
S1-544334039	S2-474979074
S1-271598426	S2-563673513
S1-225197508	S2-856166128
S1-461275615	S2-413579811
S1-461275615	S2-967777573
S1-553286477	S2-62215752
S1-912972863	S2-113359101
S1-461866674	S2-398389490
S1-266523361	S2-292737759
S1-266523361	S2-817162533
S1-495195934	S2-412723629
S1-1993820	S2-229246942
S1-1993820	S2-883836278
S1-813974803	S2-586559545
S1-912926296	S2-886287706
S1-874450204	S2-522280712
S1-248002844	S2-573352817
S1-248002844	S2-38362459
S1-220313787	S2-239002407
S1-238239996	S2-660182034
S1-468333503	S2-31974530
S1-576503218	S2-640458071
S1-922457566	S2-287620246
S1-926874607	S2-697185720
S1-105546352	S2-172998764
S1-736030235	S2-237152958
S1-609409673	S2-846217678
S1-571642002	S2-584619137
S1-707726084	S2-953792080
S1-82763027	S2-979759498
S1-767653344	S2-89485509
S1-132104748	S2-388062767
S1-112162313	S2-342754577
S1-30968148	S2-563944203
S1-101995261	S2-770109805
S1-346080385	S2-86277217
S1-648347642	S2-587592149
S1-603233969	S2-110889052
S1-124426658	S2-88587630
S1-23649159	S2-343725795
S1-281825556	S2-773988524
S1-537862197	S2-286281541
S1-620426552	S2-387507770
S1-254636268	S2-255721691
S1-96422283	S2-793867220
S1-315668781	S2-328183855
S1-315668781	S2-449490925
S1-696724726	S2-888713003
S1-632454257	S2-539552715
S1-893313036	S2-176002530
S1-316498144	S2-609080923
S1-799009226	S2-988965998
S1-703349570	S2-947965758
S1-703349570	S2-63487385
S1-28253008	S2-684804696
S1-719046008	S2-216576581
S1-13958396	S2-36803198
S1-405899356	S2-810341606
S1-434020685	S2-243789838
S1-274008457	S2-25838683
S1-617521167	S2-841655849
S1-617521167	S2-880273948
S1-542248510	S2-613834630
S1-958275934	S2-906499083
S1-670880220	S2-236085166
S1-772605234	S2-125694113
S1-772605234	S2-129585636
S1-811203579	S2-439480616
S1-913919419	S2-930819220
S1-20263680	S2-185309547
S1-21723126	S2-995225465
S1-214170410	S2-720957709
S1-478202247	S2-210537244
S1-42302281	S2-345037050
S1-664239711	S2-334238753
S1-749823232	S2-14897090
S1-651214888	S2-444346110
S1-747430826	S2-170272340
S1-158658754	S2-718559710
S1-613152121	S2-817751785
S1-526828285	S2-900333493
S1-428324014	S2-947243436
S1-199783929	S2-308950156
S1-873373487	S2-23944452
S1-789204667	S2-152068934
S1-737612164	S2-940047471
S1-711862671	S2-456207990
S1-888556932	S2-72064687
S1-888556932	S2-708147596
S1-678873884	S2-298802885
S1-500622060	S2-27254194
S1-361734641	S2-68322778
S1-198441741	S2-844184388
S1-904065886	S2-266486958
S1-904065886	S2-955715583
S1-755792256	S2-365821239
S1-416691959	S2-490958565
S1-692133167	S2-998375791
S1-812857732	S2-195861099
S1-960303615	S2-284626164
S1-581697251	S2-192744253
S1-449582890	S2-768475342
S1-743759469	S2-874131737
S1-751851950	S2-871809791
S1-471927189	S2-852571625
S1-904402625	S2-418829205
S1-469495633	S2-89576270
S1-888010678	S2-683909577
S1-692657417	S2-189479342
S1-304192321	S2-131995672
S1-850270436	S2-879141942
S1-792242582	S2-435749350
S1-247378955	S2-114186484
S1-217157719	S2-563604153
S1-238284814	S2-918758829
S1-731559314	S2-778839146
S1-242288479	S2-111776381
S1-103081166	S2-59314525
S1-275190395	S2-722050639
S1-975582759	S2-699856953
S1-246807093	S2-100120371
S1-218186388	S2-62025650
S1-754522219	S2-822376684
S1-754522219	S2-214163419
S1-922093079	S2-465416333
S1-870737139	S2-412229376
S1-839105685	S2-158216363
S1-658531186	S2-628635775
S1-658531186	S2-159510446
S1-67615574	S2-105854616
S1-337924522	S2-799181871
S1-883796619	S2-513533523
S1-70728787	S2-632551703
S1-236752484	S2-866838646
S1-236752484	S2-115686722
S1-236752484	S2-734508968
S1-404923438	S2-672000908
S1-39238699	S2-388786435
S1-39238699	S2-223029428
S1-885661473	S2-5437076
S1-830709217	S2-250462738
S1-62525853	S2-573217146
S1-780328445	S2-989678429
S1-519208461	S2-601911817
S1-338244810	S2-176011706
S1-16410495	S2-615419618
S1-446092176	S2-622708119
S1-424036980	S2-873760387
S1-688847208	S2-793419391
S1-102609562	S2-217000041
S1-642409738	S2-473487634
S1-909263352	S2-211919907
S1-340099220	S2-362063283
S1-340099220	S2-956054608
S1-323141204	S2-552286113
S1-178910053	S2-567482757
S1-707377083	S2-858566992
S1-718193849	S2-915110498
S1-363126104	S2-519653690
S1-884728803	S2-791228835
S1-628411590	S2-281804426
S1-701475615	S2-941082111
S1-576478895	S2-281460527
S1-847877853	S2-739803514
S1-239333949	S2-275885928
S1-225693239	S2-702693054
S1-236472794	S2-384183008
S1-956803954	S2-885167882
S1-930840146	S2-179393252
S1-888058460	S2-726405054
S1-813889205	S2-271376059
S1-592679133	S2-905308370
S1-372539136	S2-138907391
S1-239882424	S2-161437809
S1-698240637	S2-203147017
S1-230245249	S2-314025822
S1-740513706	S2-299303819
S1-476449205	S2-212011383
S1-654479249	S2-823438222
S1-654479249	S2-707159515
S1-887332329	S2-407438556
S1-252887919	S2-779274340
S1-855935017	S2-35476442
S1-586246585	S2-758987664
S1-333226557	S2-10607464
S1-652808119	S2-227189852
S1-57404516	S2-240040300
S1-349731385	S2-781598988
S1-583234049	S2-636119594
S1-878708144	S2-225514806
S1-597128851	S2-141763534
S1-597128851	S2-429488689
S1-402474257	S2-958014607
S1-345981173	S2-178192138
S1-345981173	S2-411813811
S1-401554493	S2-747296161
S1-596897200	S2-991787068
S1-632444468	S2-515297104
S1-324178274	S2-326072727
S1-446128651	S2-852236417
S1-619725236	S2-515983397
S1-176333978	S2-458461499
S1-893959644	S2-108726082
S1-205845252	S2-212077868
S1-225093894	S2-277694376
S1-650268415	S2-90098823
S1-702639832	S2-849355529
S1-702639832	S2-823050277
S1-537511351	S2-754655632
S1-383712942	S2-39854879
S1-102550527	S2-756688001
S1-915912117	S2-514845056
S1-915912117	S2-935339403
S1-44056158	S2-882172379
S1-896505744	S2-346546691
S1-896505744	S2-227269906
S1-194250024	S2-30454420
S1-675550541	S2-778068036
S1-675550541	S2-287011720
S1-675550541	S2-553709409
S1-576434864	S2-569207066
S1-789387073	S2-235095161
S1-910701303	S2-219714204
S1-764554351	S2-140267983
S1-417093904	S2-486680695
S1-792234500	S2-540389106
S1-931893659	S2-384589088
S1-134251486	S2-453946821
S1-132688884	S2-269883260
S1-429164286	S2-210224289
S1-947129047	S2-476887804
S1-709707863	S2-550252543
S1-771136916	S2-565090297
S1-694333245	S2-985605409
S1-927266112	S2-95290353
S1-836334903	S2-554358358
S1-331713565	S2-406230778
S1-990071226	S2-10314136
S1-470974823	S2-369859845
S1-672834079	S2-454081602
S1-231939528	S2-542044935
S1-231939528	S2-974955596
S1-175795888	S2-535473884
S1-175795888	S2-162379928
S1-175795888	S2-416264052
S1-175795888	S2-278292276
S1-175795888	S2-422397868
S1-972830178	S2-543405026
S1-978604405	S2-281030658
S1-612280396	S2-750468004
S1-36989790	S2-148653970
S1-36989790	S2-704672804
S1-274290647	S2-59244192
S1-690819718	S2-709123075
S1-86757921	S2-659671297
S1-737768086	S2-411162298
S1-737768086	S2-594151889
S1-737768086	S2-510826083
S1-640352727	S2-132747694
S1-140302329	S2-198486068
S1-623263273	S2-731838171
S1-192217503	S2-625114099
S1-122260072	S2-450893150
S1-136956907	S2-757013394
S1-818437253	S2-12759816
S1-555911586	S2-575457590
S1-937431056	S2-725269912
S1-77671185	S2-900519072
S1-389858262	S2-961926237
S1-743464489	S2-142120856
S1-64689704	S2-114147547
S1-654632454	S2-3508902
S1-788928385	S2-397416832
S1-39294724	S2-91408921
S1-378849508	S2-488765562
S1-319341854	S2-969573836
S1-615896038	S2-542345956
S1-971116912	S2-404167621
S1-561118340	S2-980284676
S1-277444121	S2-47208889
S1-39686103	S2-960468606
S1-810048997	S2-267438873
S1-540644287	S2-623067387
S1-169862141	S2-662811112
S1-592650491	S2-793568092
S1-211030826	S2-479624701
S1-73435754	S2-928225134
S1-336996571	S2-971701621
S1-336996571	S2-354530413
S1-129851765	S2-583709710
S1-861507607	S2-67060849
S1-841159149	S2-180076372
S1-825447960	S2-76609564
S1-257245878	S2-276421003
S1-60798237	S2-995331570
S1-35928423	S2-717377391
S1-20158090	S2-919038585
S1-764756041	S2-340864032
S1-822975144	S2-154709352
S1-420137203	S2-174887701
S1-601403599	S2-656338947
S1-531547234	S2-735399955
S1-359469072	S2-507760656
S1-944413426	S2-144154807
S1-893648177	S2-796355863
S1-272131061	S2-409330435
S1-113541174	S2-217850681
S1-113541174	S2-774328276
S1-534902259	S2-42883138
S1-751806208	S2-428422408
S1-954425692	S2-947816259
S1-330163241	S2-939509143
S1-755064181	S2-85004772
S1-87067399	S2-277479426
S1-525421030	S2-758702654
S1-917194349	S2-324330512
S1-959688076	S2-860155773
S1-28610207	S2-486630314
S1-813559065	S2-640548297
S1-580866629	S2-750975759
S1-531012885	S2-382802071
S1-495576398	S2-786236306
S1-747807616	S2-86983969
S1-747807616	S2-83571338
S1-698671058	S2-510428299
S1-596111693	S2-260742329
S1-43664897	S2-264356200
S1-721066097	S2-436144473
S1-53921396	S2-528001244
S1-552438833	S2-345870688
S1-885988565	S2-42745275
S1-720486201	S2-176738956
S1-604205948	S2-862407784
S1-818414913	S2-850273819
S1-256093986	S2-874005889
S1-256093986	S2-280297282
S1-98835800	S2-660368284
S1-884340209	S2-898384081
S1-362199029	S2-544672198
S1-991474333	S2-186148511
S1-135552536	S2-608474103
S1-178408264	S2-434844180
S1-205948925	S2-348475936
S1-544888717	S2-106929908
S1-499631520	S2-243089920
S1-714481369	S2-203502281
S1-434659562	S2-508064259
S1-609575608	S2-211572020
S1-740386477	S2-988417665
S1-740386477	S2-138421814
S1-740386477	S2-108898330
S1-293942648	S2-57266371
S1-293942648	S2-23823827
S1-503378587	S2-324465568
S1-931166453	S2-985784229
S1-952898857	S2-132949056
S1-718699703	S2-622415654
S1-579731951	S2-311926665
S1-605465565	S2-620107716
S1-719007935	S2-461592271
S1-719007935	S2-494292672
S1-314905960	S2-622044053
S1-119693886	S2-52928194
S1-553330268	S2-105389153
S1-886399476	S2-898648993
S1-87483291	S2-973857935
S1-641459048	S2-628199986
S1-859540597	S2-847758613
S1-663907539	S2-329808360
S1-59494322	S2-943128703
S1-605540109	S2-895107853
S1-605540109	S2-106434518
S1-605540109	S2-157302817
S1-605540109	S2-127438185
S1-415675143	S2-362592392
S1-556390144	S2-20920655
S1-984188814	S2-230146397
S1-409004389	S2-177753927
S1-533208995	S2-3289166
S1-82774659	S2-997575608
S1-632568392	S2-327511231
S1-237507119	S2-670914754
S1-237507119	S2-363310510
S1-322693279	S2-38333391
S1-939570303	S2-865500878
S1-172406031	S2-714736990
S1-10671999	S2-836994581
S1-448106428	S2-500592476
S1-391455800	S2-389089816
S1-273289590	S2-572765307
S1-873490513	S2-297092935
S1-147498543	S2-839277411
S1-346234098	S2-789592831
S1-346234098	S2-839434354
S1-391394133	S2-451605974
S1-308482479	S2-900265194
S1-708671874	S2-417975505
S1-741364504	S2-192001688
S1-741364504	S2-951015681
S1-111510671	S2-182204090
S1-837059692	S2-744710764
S1-704170887	S2-409007095
S1-512183792	S2-8797011
S1-512183792	S2-904100948
S1-84826138	S2-200528340
S1-928448988	S2-859643882
S1-707536868	S2-112970501
S1-884398666	S2-20891043
S1-265736124	S2-209070365
S1-77095789	S2-14780105
S1-77095789	S2-282740060
S1-77095789	S2-944898218
S1-442633683	S2-732757182
S1-962256138	S2-840295713
S1-404490415	S2-508885862
S1-155632188	S2-995816074
S1-709552145	S2-183009258
S1-514844202	S2-308967367
S1-422777328	S2-850798433
S1-427318174	S2-599499860
S1-823108817	S2-98434058
S1-890063365	S2-422803431
S1-23618194	S2-837391557
S1-536869035	S2-106880631
S1-111197996	S2-925270108
S1-629624235	S2-571520923
S1-624635930	S2-143312925
S1-171309991	S2-422066703
S1-398986010	S2-331563262
S1-896590045	S2-808831556
S1-820227296	S2-324408970
S1-747616830	S2-700320432
S1-865534781	S2-154059811
S1-91767840	S2-737642234
S1-549189258	S2-279137971
S1-549189258	S2-701178089
S1-779826304	S2-973267380
S1-7370843	S2-44603448
S1-675061988	S2-679944786
S1-521396761	S2-660754652
S1-569627124	S2-599693768
S1-627430249	S2-355100164
S1-963199608	S2-471703868
S1-774820473	S2-367335830
S1-377842718	S2-854485826
S1-831086313	S2-414873773
S1-734714481	S2-532494554
S1-735129177	S2-790172782
S1-892216339	S2-589499007
S1-524269445	S2-217192442
S1-142486534	S2-795692367
S1-142486534	S2-709405847
S1-661927696	S2-670449394
S1-536926290	S2-999501391
S1-536926290	S2-88145808
S1-589160886	S2-896807729
S1-828343389	S2-957950996
S1-832441953	S2-949512096
S1-333718545	S2-865451202
S1-290779979	S2-847478289
S1-928447308	S2-554716538
S1-860189811	S2-368214149
S1-159896503	S2-394901232
S1-88654138	S2-908843289
S1-906871591	S2-181980581
S1-351434319	S2-509759004
S1-562248453	S2-369328893
S1-960187437	S2-610145620
S1-811799785	S2-678004773
S1-174514022	S2-793403495
S1-411515222	S2-538077596
S1-881470782	S2-954221301
S1-881470782	S2-894566596
S1-79384718	S2-987208220
S1-79384718	S2-720841147
S1-79384718	S2-61319352
S1-595118462	S2-93186978
S1-539568181	S2-951322302
S1-818846477	S2-403662481
S1-235767465	S2-918945866
S1-329920973	S2-557219489
S1-558011116	S2-230116471
S1-360146999	S2-816986871
S1-301330683	S2-492940715
S1-209990402	S2-265451690
S1-790165868	S2-589734742
S1-99587101	S2-358249255
S1-584521531	S2-880146075
S1-505698709	S2-721962465
S1-982483381	S2-42993603
S1-928154931	S2-92626233
S1-916016303	S2-890636766
S1-824670052	S2-90253128
S1-347758834	S2-110486740
S1-192187926	S2-868637656
S1-780112179	S2-102860514
S1-938860308	S2-759007121
S1-256698219	S2-167855964
S1-249703465	S2-343087624
S1-854842884	S2-568713336
S1-602109460	S2-894126908
S1-480010394	S2-895504111
S1-702065685	S2-644836190
S1-702065685	S2-723212431
S1-21438231	S2-363557532
S1-21438231	S2-615654181
S1-21438231	S2-92597535
S1-7549438	S2-323213530
S1-424992590	S2-213864427
S1-970651806	S2-379572573
S1-408899156	S2-705651924
S1-643269974	S2-847209488
S1-183921879	S2-668947767
S1-22008865	S2-810805214
S1-185682837	S2-570602079
S1-185682837	S2-627268169
S1-14224053	S2-767814734
S1-386091575	S2-164269184
S1-386091575	S2-991601060
S1-41574380	S2-512645037
S1-972518511	S2-172796333
S1-153404897	S2-175634644
S1-21636161	S2-42658081
S1-445637307	S2-187644313
S1-445637307	S2-853036288
S1-310186288	S2-260795571
S1-310186288	S2-474151185
S1-233604988	S2-330306991
S1-76719738	S2-400867895
S1-41736327	S2-331691298
S1-316507272	S2-875989578
S1-816256694	S2-439950490
S1-183253419	S2-598841626
S1-183253419	S2-127196514
S1-898325816	S2-355277732
S1-898325816	S2-658705674
S1-254035990	S2-730376885
S1-71228344	S2-426799215
S1-317110967	S2-815839865
S1-20212899	S2-467189600
S1-468588650	S2-391466809
S1-98763652	S2-683841855
S1-901766150	S2-321881032
S1-84482279	S2-841476071
S1-84482279	S2-570944912
S1-379076150	S2-17030831
S1-271726097	S2-604064487
S1-271726097	S2-933571750
S1-97897835	S2-620864222
S1-97897835	S2-940120369
S1-97897835	S2-891030982
S1-97897835	S2-834743985
S1-187018357	S2-605660914
S1-187018357	S2-983270917
S1-187018357	S2-800564045
S1-374838435	S2-122609645
S1-345962648	S2-369124256
S1-636379844	S2-586369481
S1-305425093	S2-199497419
S1-842644609	S2-619174228
S1-865691324	S2-138889377
S1-865691324	S2-422920514
S1-770456430	S2-429317623
S1-217471372	S2-595014831
S1-288786162	S2-244746627
S1-764881362	S2-920326564
S1-749606243	S2-849379541
S1-574848946	S2-31532089
S1-440250628	S2-729474708
S1-992586515	S2-409379747
S1-941076707	S2-960177368
S1-941076707	S2-971373443
S1-496379551	S2-86666425
S1-847809177	S2-688317647
S1-224578126	S2-471017700
S1-983032539	S2-764627694
S1-537968331	S2-140416032
S1-884867890	S2-887521810
S1-579250265	S2-211095837
S1-221703156	S2-815805163
S1-38652258	S2-763861936
S1-38652258	S2-715064667
S1-38652258	S2-557406170
S1-791535230	S2-266688235
S1-870023990	S2-210526385
S1-631824295	S2-577376405
S1-163708697	S2-250164391
S1-976592176	S2-120788163
S1-992221719	S2-281315392
S1-902431418	S2-581806082
S1-902431418	S2-309497725
S1-213736319	S2-767525549
S1-795344066	S2-355107935
S1-894079995	S2-632345280
S1-425490572	S2-989290204
S1-435439346	S2-26556009
S1-932649214	S2-453861250
S1-508296348	S2-638498710
S1-536679017	S2-303727088
S1-991557451	S2-654808021
S1-639794363	S2-280695805
S1-417844786	S2-359586425
S1-799970924	S2-5876330
S1-460241026	S2-380997752
S1-777194257	S2-110225157
S1-867909404	S2-209635860
S1-114568547	S2-924820922
S1-119063458	S2-762209624
S1-651282718	S2-884602971
S1-318552778	S2-168602059
S1-428248492	S2-391396549
S1-239598924	S2-525338036
S1-326398326	S2-22705713
S1-305165936	S2-750458813
S1-715024699	S2-990863713
S1-760597971	S2-509901378
S1-207093269	S2-270687442
S1-190262879	S2-630398554
S1-476168381	S2-572943397
S1-525696748	S2-761272755
S1-244540289	S2-214023190
S1-244540289	S2-57411230
S1-710774792	S2-502975394
S1-710774792	S2-111221792
S1-710774792	S2-343251859
S1-710774792	S2-832606192
S1-568651859	S2-21252062
S1-675695982	S2-440857708
S1-472507956	S2-389453187
S1-402213641	S2-46951077
S1-112435953	S2-976308338
S1-693377453	S2-373394045
S1-364935576	S2-987414389
S1-115443488	S2-804480815
S1-279199844	S2-233104819
S1-494979010	S2-664720951
S1-799601147	S2-363512868
S1-159343737	S2-423929370
S1-180198187	S2-367028018
S1-922582026	S2-755530935
S1-612722272	S2-88655636
S1-271666441	S2-747772711
S1-444996160	S2-257639597
S1-156261313	S2-605040707
S1-174271956	S2-372907851
S1-73726029	S2-526532956
S1-56342478	S2-271239641
S1-229911545	S2-355070394
S1-229911545	S2-544726726
S1-393532379	S2-680360767
S1-144114586	S2-725141855
S1-324173973	S2-774430738
S1-842960650	S2-314696101
S1-42580259	S2-52697022
S1-638604202	S2-487968769
S1-163371057	S2-174509320
S1-503037108	S2-420137409
S1-388148172	S2-792751473
S1-720692503	S2-883694739
S1-365415432	S2-642632290
S1-365415432	S2-20520713
S1-38165276	S2-689934045
S1-645064209	S2-913626083
S1-174714609	S2-822449492
S1-719086114	S2-940456422
S1-719086114	S2-185402831
S1-907628573	S2-519813809
S1-470951753	S2-11059854
S1-470951753	S2-451593557
S1-470951753	S2-794591260
S1-706334875	S2-141568901
S1-596991937	S2-570428577
S1-315408649	S2-557799307
S1-484038009	S2-233240245
S1-857785834	S2-431003272
S1-60335403	S2-566156903
S1-872067743	S2-54951474
S1-245937337	S2-808525018
S1-336470938	S2-119826979
S1-231617496	S2-660144774
S1-62306614	S2-421523420
S1-913721776	S2-399165791
S1-47214843	S2-641056956
S1-47214843	S2-975385568
S1-711223484	S2-302097979
S1-951236867	S2-193411606
S1-951236867	S2-412372281
S1-541194813	S2-155522319
S1-858312518	S2-718685599
S1-134342819	S2-986725887
S1-894480077	S2-30834353
S1-894480077	S2-315331021
S1-542411462	S2-551644532
S1-304775647	S2-24274959
S1-899188456	S2-476182529
S1-659196396	S2-940605676
S1-659196396	S2-433311050
S1-344415188	S2-941430675
S1-377728097	S2-591215220
S1-752517676	S2-33216699
S1-566381582	S2-343210475
S1-856303395	S2-259828348
S1-419970379	S2-540337870
S1-958488440	S2-126984147
S1-605583748	S2-236687136
S1-315786514	S2-486364280
S1-619831622	S2-553440728
S1-876587612	S2-579493495
S1-876587612	S2-604243456
S1-982177829	S2-115289199
S1-732364691	S2-982647192
S1-453917927	S2-65285295
S1-12554179	S2-398016982
S1-140007368	S2-94294957
S1-140007368	S2-482853354
S1-345600337	S2-776248810
S1-801153569	S2-426477667
S1-68892026	S2-344675265
S1-68892026	S2-304653050
S1-175481742	S2-127767622
S1-846138744	S2-76949405
S1-690086260	S2-431684550
S1-833885809	S2-41749422
S1-348227866	S2-817163815
S1-81995377	S2-399481647
S1-974043335	S2-239662682
S1-259473113	S2-524414827
S1-192211257	S2-508236226
S1-627162612	S2-226974974
S1-627162612	S2-624539914
S1-305394473	S2-6872810
S1-830664416	S2-363849972
S1-830664416	S2-498300579
S1-732222152	S2-490067061
S1-215438939	S2-704710046
S1-563374537	S2-162561637
S1-510824465	S2-870319474
S1-572859869	S2-591858933
S1-661127513	S2-361126976
S1-650989917	S2-964378088
S1-481820579	S2-844374315
S1-481820579	S2-662251309
S1-940366700	S2-551071893
S1-213484110	S2-901471704
S1-213484110	S2-442575093
S1-200112745	S2-225357926
S1-200112745	S2-612830964
S1-521993663	S2-948498929
S1-566193054	S2-433897183
S1-828192655	S2-578115949
S1-10837647	S2-874585977
S1-328238532	S2-229772329
S1-986262995	S2-219113243
S1-574123371	S2-932948077
S1-274700979	S2-351532790
S1-633878043	S2-918779352
S1-701354	S2-675698386
S1-526052605	S2-597483966
S1-432352540	S2-450422712
S1-316552980	S2-73302630
S1-316552980	S2-107330775
S1-637849751	S2-478750514
S1-942696801	S2-77180081
S1-579061890	S2-727493669
S1-823999831	S2-653094837
S1-959468116	S2-901843166
S1-575523721	S2-232451792
S1-416326893	S2-118524676
S1-248049037	S2-674403026
S1-403611578	S2-221009740
S1-75901049	S2-526308781
S1-524719550	S2-904523963
S1-819622291	S2-980800109
S1-28565691	S2-18834241
S1-566967866	S2-114174718
S1-888065968	S2-217889780
S1-195179321	S2-514696285
S1-189193421	S2-132637703
S1-189193421	S2-593317038
S1-795080029	S2-725522677
S1-795080029	S2-642990661
S1-788831740	S2-664773698
S1-179526642	S2-677900640
S1-359778712	S2-490610395
S1-190682436	S2-294433793
S1-520975813	S2-20565426
S1-191997878	S2-208948514
S1-295437874	S2-325785745
S1-710194142	S2-803324364
S1-154246388	S2-270041387
S1-199472642	S2-919127376
S1-199472642	S2-100285644
S1-199472642	S2-177088090
S1-209433953	S2-568068505
S1-209433953	S2-870347248
S1-418075392	S2-304853574
S1-801450137	S2-517538441
S1-763934443	S2-80125881
S1-420971266	S2-451763561
S1-269350108	S2-682802607
S1-55729803	S2-679504120
S1-273910160	S2-645903173
S1-159193790	S2-334809684
S1-718814862	S2-115120705
S1-496178154	S2-724081060
S1-195801212	S2-457217791
S1-836055695	S2-517352061
S1-844795594	S2-25707956
S1-621121657	S2-108264938
S1-384442393	S2-706007658
S1-855820752	S2-822283957
S1-675482054	S2-109461287
S1-427910446	S2-232023399
S1-866246952	S2-979699147
S1-731589135	S2-147880023
S1-117783193	S2-593680629
S1-70592646	S2-301481807
S1-645068775	S2-289044729
S1-288428302	S2-87938106
S1-427179120	S2-212654433
S1-676543279	S2-207884730
S1-423657927	S2-737682590
S1-566738448	S2-100600329
S1-566738448	S2-737175231
S1-664503790	S2-994973249
S1-827546528	S2-169547145
S1-897509538	S2-993494134
S1-661787465	S2-716252716
S1-661787465	S2-722923222
S1-468670437	S2-49698031
S1-417460390	S2-447515406
S1-417460390	S2-348147155
S1-665990436	S2-842218186
S1-321297016	S2-957833741
S1-149823543	S2-756748960
S1-111620717	S2-554864895
S1-566028861	S2-663081192
S1-664386233	S2-483867347
S1-664386233	S2-285972413
S1-831784662	S2-367722340
S1-203138786	S2-334504783
S1-814988165	S2-827114820
S1-286020727	S2-86776802
S1-63590917	S2-941329044
S1-992523387	S2-758455598
S1-75295137	S2-43130520
S1-372531766	S2-2082695
S1-771149464	S2-590446369
S1-902724869	S2-186608768
S1-83218805	S2-975904557
S1-400926279	S2-537905524
S1-400926279	S2-603384031
S1-400926279	S2-333925922
S1-862452818	S2-344762422
S1-145098965	S2-686772694
S1-145098965	S2-240594860
S1-145098965	S2-73741442
S1-717514376	S2-321259543
S1-656832090	S2-546014243
S1-295327487	S2-796223442
S1-474131003	S2-503885498
S1-950588543	S2-695432646
S1-322851781	S2-551064405
S1-222792428	S2-458355243
S1-222792428	S2-863708536
S1-518866882	S2-7919945
S1-55788065	S2-32597478
S1-777873812	S2-163319411
S1-289589319	S2-200915398
S1-8731937	S2-879782497
S1-593389715	S2-613493970
S1-830651687	S2-357650190
S1-917694700	S2-519529702
S1-690918009	S2-293200996
S1-218548064	S2-163808959
S1-674584658	S2-262840238
S1-216397967	S2-396517615
S1-127190662	S2-570269059
S1-152266647	S2-955626910
S1-935419644	S2-42166848
S1-697091048	S2-981603910
S1-965217635	S2-228499175
S1-937646149	S2-416625964
S1-937646149	S2-657939189
S1-440223714	S2-699358797
S1-440223714	S2-575802320
S1-440223714	S2-802040441
S1-408364435	S2-220121830
S1-611380688	S2-723949720
S1-981251923	S2-826814449
S1-128454460	S2-999662378
S1-98402215	S2-602829533
S1-98402215	S2-246033188
S1-401934702	S2-234364798
S1-401934702	S2-615004294
S1-401934702	S2-511365203
S1-887456985	S2-608564550
S1-976349575	S2-922828652
S1-15729441	S2-676374622
S1-674851524	S2-270490493
S1-789696800	S2-214386926
S1-7693035	S2-599023271
S1-804740881	S2-26440251
S1-961125410	S2-551615417
S1-961125410	S2-173748530
S1-880257312	S2-141319200
S1-246776595	S2-519466333
S1-379442635	S2-853981413
S1-937567628	S2-936865220
S1-116388637	S2-673691098
S1-114412434	S2-474294740
S1-779805480	S2-671197301
S1-279293621	S2-143207657
S1-983943535	S2-986017885
S1-25460732	S2-947706837
S1-983517938	S2-508666821
S1-46777693	S2-583055296
S1-688523392	S2-859135986
S1-85010802	S2-840018478
S1-866088525	S2-702846357
S1-196879091	S2-264698114
S1-196879091	S2-139826803
S1-270026564	S2-687739033
S1-922218422	S2-517853971
S1-762669317	S2-981062298
S1-250411556	S2-536067583
S1-490023578	S2-38118631
S1-485860276	S2-790034900
S1-705696030	S2-929400928
S1-302953986	S2-654765215
S1-307012871	S2-121998362
S1-874230140	S2-22835742
S1-936489460	S2-825069561
S1-322683002	S2-304990008
S1-734569316	S2-295323366
S1-560016207	S2-98724319
S1-85936234	S2-578296152
S1-488871179	S2-862642478
S1-824219325	S2-303429606
S1-824219325	S2-837808601
S1-557392379	S2-611751178
S1-189596148	S2-4875522
S1-674825011	S2-713846217
S1-674825011	S2-531768943
S1-403107572	S2-175818796
S1-250564075	S2-97154210
S1-250564075	S2-98386409
S1-250564075	S2-853147583
S1-432654474	S2-387917275
S1-626006170	S2-91278378
S1-437257603	S2-547013904
S1-252453424	S2-84040054
S1-464781719	S2-426020452
S1-613007433	S2-758369087
S1-520815823	S2-331560447
S1-729978778	S2-447775405
S1-125485955	S2-951967769
S1-994049702	S2-428175541
S1-435671746	S2-104533405
S1-819173260	S2-815715032
S1-529867294	S2-594825163
S1-909172709	S2-196109173
S1-248119609	S2-554951995
S1-50456133	S2-49252051
S1-529601287	S2-941677070
S1-722173177	S2-169139267
S1-411565561	S2-798914594
S1-466341312	S2-718941502
S1-384887721	S2-907883239
S1-862203745	S2-739882404
S1-684146854	S2-621967217
S1-860257651	S2-762755456
S1-139499657	S2-497730446
S1-379067387	S2-434764035
S1-379067387	S2-83791054
S1-285419585	S2-470418444
S1-9529383	S2-139835643
S1-771393336	S2-535069044
S1-181604294	S2-502356632
S1-599110737	S2-817277602
S1-439322882	S2-279314207
S1-299603100	S2-808552233
S1-376129832	S2-804039517
S1-65890585	S2-465357664
S1-872277671	S2-11770054
S1-844754824	S2-565269135
S1-844754824	S2-935629294
S1-80090589	S2-480657069
S1-802711564	S2-268825015
S1-149584019	S2-228013368
S1-149584019	S2-799938151
S1-382599467	S2-160825776
S1-284473762	S2-252878312
S1-772982193	S2-407326328
S1-719834134	S2-532704755
S1-884311763	S2-680028123
S1-268510557	S2-126671200
S1-974540029	S2-839021412
S1-695933266	S2-997296250
S1-721539464	S2-164029838
S1-189000205	S2-123315059
S1-407828030	S2-788455083
S1-45279077	S2-74930825
S1-198498967	S2-984699413
S1-198498967	S2-823420612
S1-561127494	S2-455328363
S1-577299626	S2-36006150
S1-557285206	S2-486149972
S1-923537419	S2-256130003
S1-66609434	S2-101961061
S1-793987348	S2-337018144
S1-793987348	S2-442395112
S1-193709592	S2-705268594
S1-864158386	S2-498104792
S1-959407953	S2-858763202
S1-476737545	S2-111858753
S1-577674375	S2-497334088
S1-232986841	S2-510720308
S1-959659769	S2-515951281
S1-34790037	S2-142041628
S1-148728318	S2-394110611
S1-123675480	S2-275120528
S1-123675480	S2-768530779
S1-855369830	S2-394822599
S1-304580660	S2-124653648
S1-388876335	S2-455315463
S1-142727929	S2-32198596
S1-735663592	S2-469508799
S1-608711385	S2-77152901
S1-623129052	S2-639396895
S1-104390191	S2-230966158
S1-441147945	S2-229791592
S1-580698899	S2-268122113
S1-296660854	S2-941303394
S1-296660854	S2-160737026
S1-850655434	S2-333540229
S1-80375253	S2-836509664
S1-57249951	S2-501359056
S1-856548997	S2-847457923
S1-719688728	S2-854130500
S1-719688728	S2-205227810
S1-907527603	S2-968021365
S1-370342679	S2-820943132
S1-370342679	S2-245321829
S1-116153177	S2-317989939
S1-237314316	S2-115627682
S1-510820951	S2-946286314
S1-160658487	S2-538627392
S1-485699117	S2-150957920
S1-395256927	S2-217637849
S1-805123240	S2-989511453
S1-948458706	S2-351072045
S1-360585835	S2-559806900
S1-360585835	S2-74533740
S1-56373940	S2-404990763
S1-850715822	S2-96513622
S1-340023637	S2-148354960
S1-484803588	S2-75921266
S1-484803588	S2-833386995
S1-481180187	S2-951678379
S1-217283644	S2-208125920
S1-982014536	S2-955028317
S1-720936980	S2-780306057
S1-870710088	S2-881582248
S1-715906069	S2-986739534
S1-988116908	S2-51844249
S1-988116908	S2-407812766
S1-985948527	S2-847419099
S1-84044412	S2-606090470
S1-800282560	S2-989518147
S1-780121301	S2-614846007
S1-994314409	S2-968522459
S1-553719509	S2-642648505
S1-939485795	S2-369783569
S1-178588988	S2-915485148
S1-782049019	S2-218072485
S1-183358364	S2-20446233
S1-183358364	S2-290105912
S1-603813371	S2-804046483
S1-61768754	S2-193211584
S1-379335970	S2-777986698
S1-111331864	S2-193591650
S1-14798639	S2-754514394
S1-141247279	S2-681749037
S1-524978026	S2-800127515
S1-129078377	S2-243521909
S1-526056745	S2-104088774
S1-68391112	S2-107501891
S1-152215648	S2-187826857
S1-724732239	S2-748072153
S1-724732239	S2-630234340
S1-358892795	S2-50924293
S1-94564806	S2-946789571
S1-317167982	S2-130929895
S1-519654410	S2-788123496
S1-680148977	S2-158231189
S1-833862826	S2-270212971
S1-127288716	S2-780947256
S1-874709733	S2-926236950
S1-185844290	S2-326002468
S1-692596021	S2-253181997
S1-286660244	S2-112010744
S1-877092785	S2-363069587
S1-877092785	S2-97947920
S1-123841427	S2-906130154
S1-175761099	S2-910372937
S1-105996942	S2-731610171
S1-407092961	S2-28563824
S1-105957539	S2-400065617
S1-402602588	S2-465150251
S1-122881464	S2-192222587
S1-122881464	S2-832756397
S1-149278504	S2-932339050
S1-210853743	S2-612395203
S1-207859849	S2-834932406
S1-116317845	S2-772703384
S1-982784016	S2-36055872
S1-341071	S2-394446451
S1-112258390	S2-785398561
S1-125418732	S2-272612595
S1-210213370	S2-737213290
S1-210213370	S2-538361441
S1-658190788	S2-567076828
S1-294533540	S2-464681611
S1-938937598	S2-182357789
S1-994108031	S2-817922261
S1-160460159	S2-71790711
S1-681922602	S2-723980544
S1-564815355	S2-864071983
S1-490361369	S2-283892105
S1-541839979	S2-624687124
S1-436336411	S2-67554002
S1-553751190	S2-601745007
S1-136672277	S2-416571601
S1-301804384	S2-417485031
S1-551045934	S2-130223171
S1-62334176	S2-3277172
S1-589489209	S2-45242240
S1-170648401	S2-977034928
S1-571334561	S2-905718853
S1-571334561	S2-248630133
S1-571334561	S2-416066396
S1-807578005	S2-118548909
S1-850227154	S2-257027921
S1-17695682	S2-917545615
S1-137181176	S2-761843706
S1-292915793	S2-832079965
S1-318667373	S2-53275813
S1-30294997	S2-63156490
S1-249312071	S2-973516407
S1-702207495	S2-638569166
S1-321119463	S2-204342697
S1-36862231	S2-752374640
S1-719545866	S2-210322504
S1-437599943	S2-537227953
S1-567353157	S2-794843545
S1-567353157	S2-361460030
S1-567353157	S2-887027353
S1-629733257	S2-8306111
S1-13564935	S2-989482283
S1-248699678	S2-266392208
S1-248699678	S2-382843717
S1-248699678	S2-857785111
S1-816418366	S2-360453519
S1-816418366	S2-950150318
S1-438010327	S2-727129012
S1-185494665	S2-436109715
S1-884310934	S2-957540909
S1-884310934	S2-279884223
S1-219263942	S2-745931929
S1-66116873	S2-246242685
S1-47489220	S2-795942616
S1-83767464	S2-740895757
S1-872818070	S2-741942404
S1-339858843	S2-632285577
S1-281170584	S2-650436897
S1-272283982	S2-691229218
S1-20902894	S2-380813017
S1-527538724	S2-284444257
S1-654451728	S2-934175533
S1-809847923	S2-104509408
S1-274643464	S2-257690582
S1-629884157	S2-130026705
S1-911418829	S2-865701560
S1-752768472	S2-349983329
S1-235771203	S2-153281725
S1-235771203	S2-105658359
S1-680488852	S2-352532325
S1-557024114	S2-743792008
S1-557024114	S2-466518511
S1-679340480	S2-95939264
S1-928003861	S2-772195056
S1-928003861	S2-258336014
S1-283604015	S2-714856221
S1-958348100	S2-413706611
S1-19184531	S2-138363651
S1-19184531	S2-770142396
S1-19184531	S2-724723506
S1-19184531	S2-610368678
S1-299995665	S2-240437956
S1-730848061	S2-988217120
S1-248452630	S2-856544115
S1-23589069	S2-930305210
S1-23589069	S2-457575524
S1-673365883	S2-698947965
S1-793300194	S2-222587488
S1-491081790	S2-902430559
S1-717194054	S2-418430522
S1-198159340	S2-239192429
S1-161965217	S2-218244482
S1-319627604	S2-772464701
S1-793205745	S2-228442612
S1-899143408	S2-826727581
S1-478145003	S2-300073033
S1-605943445	S2-374365399
S1-605943445	S2-324373457
S1-355020180	S2-695933793
S1-355020180	S2-241336046
S1-978894984	S2-264066172
S1-996392491	S2-881939662
S1-78333566	S2-559799455
S1-764234422	S2-13885940
S1-904177969	S2-506745930
S1-345629468	S2-890776541
S1-290162312	S2-134378160
S1-430697586	S2-379289118
S1-722496161	S2-918996018
S1-872904973	S2-797176952
S1-652543420	S2-456442177
S1-871793224	S2-104850361
S1-708766326	S2-131298372
S1-383936081	S2-845242677
S1-893017965	S2-869503207
S1-391995593	S2-782877873
S1-862706434	S2-348567661
S1-149529708	S2-55154327
S1-511187745	S2-330879284
S1-202478300	S2-915817576
S1-304936240	S2-464144448
S1-583664503	S2-294739966
S1-929470458	S2-769403000
S1-482152306	S2-284639843
S1-807210753	S2-102439314
S1-969115166	S2-831435528
S1-220855079	S2-593607607
S1-85285845	S2-627115933
S1-19902257	S2-577761710
S1-15018062	S2-490054774
S1-540319368	S2-958994920
S1-257032654	S2-64658572
S1-103202172	S2-623424926
S1-813141833	S2-698219646
S1-813141833	S2-930552117
S1-813141833	S2-523549442
S1-754088708	S2-553727929
S1-754088708	S2-142623824
S1-987099874	S2-519646793
S1-460762612	S2-56056564
S1-907747710	S2-818661472
S1-810205552	S2-178111924
S1-810205552	S2-234132975
S1-810205552	S2-702054747
S1-545357842	S2-435793821
S1-545357842	S2-313428533
S1-945690075	S2-558713347
S1-945690075	S2-365490390
S1-947535946	S2-60988591
S1-399214770	S2-97824088
S1-751222766	S2-730012000
S1-578170060	S2-662195176
S1-578170060	S2-123754861
S1-392839211	S2-773539302
S1-620891022	S2-367314002
S1-770572417	S2-872219473
S1-872678125	S2-830261741
S1-619894697	S2-903477993
S1-831316878	S2-237755832
S1-532729238	S2-229679139
S1-618462593	S2-75781092
S1-917021070	S2-273264778
S1-576341681	S2-747520938
S1-330089790	S2-825741511
S1-396311175	S2-457817844
S1-457553316	S2-884040368
S1-893209460	S2-194843981
S1-347253835	S2-760006689
S1-240570275	S2-899533988
S1-490838554	S2-664719804
S1-80327748	S2-541894240
S1-641200384	S2-881362032
S1-273676088	S2-955826545
S1-518262604	S2-429514263
S1-776840964	S2-502763653
