feature,importance
name_length_ratio,2025
translit_name_ratio,2007
legal_suffix_stripped_ratio,1655
name_char_3gram_jaccard,1628
address_length_ratio,1364
translit_name_token_sort,1353
name_ratio,1273
legal_suffix_stripped_token_set,1208
address_ratio,1035
address_retrieval_score,1013
name_retrieval_score,1007
address_token_jaccard,981
address_token_sort,959
translit_name_token_set,889
translit_ratio_x_address_jaccard,858
name_token_count_s2,849
name_token_sort,805
name_address_abs_diff,761
name_address_max,760
name_token_set,758
address_set_x_number,751
translit_x_address,712
address_x_number,658
address_token_set,610
meaningful_name_x_address,569
name_jaccard_x_address_jaccard,531
shared_number_count,490
name_token_count_s1,488
name_x_address,443
meaningful_name_token_count_s2,377
name_token_jaccard,369
s1_name_containment,339
s2_name_containment,337
name_address_min,335
number_jaccard,325
extra_meaningful_tokens_s2,241
blocker_count,239
meaningful_s2_containment,166
embedding_rank,159
from_structured_blocker,136
number_conflict,133
meaningful_name_token_count_s1,133
shared_meaningful_name_tokens,118
meaningful_s1_containment,115
first_number_match,113
both_have_numbers,112
extra_meaningful_tokens_s1,110
shared_name_token_count,104
first_number_conflict,100
ordered_number_exact,94
from_embedding_blocker,56
translit_address_rescue,52
number_exact_set,48
strong_address_weak_name,21
strong_name_number_conflict,14
translit_rescue,13
from_address_blocker,11
from_name_blocker,11
address_exact,9
high_address_low_name,9
strong_address_number_name_conflict,7
address_number_agreement,5
strong_name_weak_address,5
name_exact,2
s2_address_missing,2
s1_address_missing,0
